ID,Denumire,Ordine,Logo,CUI,Adresa,Judet,UAT,tip-partid
PSD,Partidul Social Democrat,1,PSD.jpg,14167182,"MUNICIPIUL BUCUREŞTI, SECTORUL 1, str. Șos. Dimitrievici Pavel Kiseleff, nr. 10, CP011346",B,București,
PNL,Partidul Național Liberal,2,PNL.jpg,34058872,"MUNICIPIUL BUCUREŞTI, SECTORUL 1, str. Aleea Modrogan, nr. 1, CP011825",B,București,
USR,Uniunea Salvați Romania,3,USR.jpg,36420951,"MUNICIPIUL BUCUREŞTI, SECTORUL 1, str. Bd. Aviatorilor, nr. 9, CP011852",B,București,
AUR,Alianța pentru Unirea Românilor,4,AUR.png,41978661,"ILFOV, TUNARI, str. SAT TUNARI, STR.GENEVA, nr. 20, ap. 1",IF,,
UDMR,Uniunea Democrată Maghiară din România,5,UDMR.jpg,4194635,"MUNICIPIUL BUCUREŞTI, SECTORUL 1, str. Dr Lister, nr. 57, CP011955",B,București,minoritati
SOSRO,S.O.S. ROMANIA,6,SOSRO.png,46178090,"Strada Crișan, Orașul Călimăneşti, Județul Vâlcea",VL,,
POT,Partidul Oamenilor Tineri,7,POT.png,48519291,,,,
PMP,Partidul Mișcarea Populară,8,PMP.jpg,32765141,"MUNICIPIUL BUCUREŞTI, SECTORUL 1, str. Nicolae Iorga, nr. 11, CP010432",B,București,
PDL,Partidul Democrat Liberal,,PDL.jpg,4259378,"Strada Modrogan, Sector 1, Municipiul București",B,București,
PROEUROPA,"PARTIDA ROMILOR ""PRO-EUROPA""",,PROEUROPA.jpg,7505450,,,,minoritati
PSD+PC,Alianța politica PSD+PC,,PSD+PC.jpg,24596572,"Bulevardul Ion Ionescu de la Brad, Sector 1, Municipiul București",B,București,
UUR,Uniunea Ucrainenilor din România,,UUR.jpg,4666665,"Strada Radu Popescu, Sector 1, Municipiul București",B,București,minoritati
FDGR,Forumul Democrat al Germanilor din Romania,,FDGR.jpg,4846283,,,,minoritati
ALDE,PARTIDUL ALIANȚA LIBERALILOR ȘI DEMOCRAȚILOR,,ALDE.jpg,35648065,"MUNICIPIUL BUCUREŞTI, SECTORUL 1, str. Sos.Pavel D.Kiseleff, nr. 57, CP011344",,București,
CRLR,COMUNITATEA RUȘILOR LIPOVENI DIN ROMÂNIA,,CRLR.jpg,4501705,"MUNICIPIUL BUCUREŞTI, SECTORUL 1, str. Doctor Ratiu, nr. 10, CP010916",B,București,minoritati
USAR,UNIUNEA SÂRBILOR DIN ROMÂNIA,,USAR.jpg,4481721,"Strada Mangalia, Municipiul Timișoara, Județul Timiș",TM,Timișoara,minoritati
UDSCR,UNIUNEA DEMOCRATICĂ A SLOVACILOR ȘI CEHILOR DIN ROMÂNIA,,UDSCR.jpg,3218132,"ARAD, ORAŞ NĂDLAC, str. INDEPENDENTEI, nr. 36",AD,,minoritati
UER,UNIUNEA ELENĂ DIN ROMÂNIA,,UER.jpg,4400751,"MUNICIPIUL BUCUREŞTI, SECTORUL 1, str. Vasile Alecsandri, nr. 8, CP10639",B,București,minoritati
UBB,UNIUNEA BULGARĂ DIN BANAT- ROMÂNIA,,UBB.jpg,4663464,"TIMIŞ, MUNICIPIUL TIMIŞOARA, str. Piața Unirii, nr. 14",TM,Timișoara,minoritati
UCR,UNIUNEA CROAȚILOR DIN ROMÂNIA,,UCR.jpg,5004909,"Strada Principală, Satul Carașova, Comuna Carașova, Județul Caraș-Severin",,,minoritati
AMR,ASOCIAȚIA MACEDONENILOR DIN ROMÂNIA,,AMR.jpg,13449134,"Strada Thomas Masaryk, Sector 2, Municipiul București",,București,minoritati
ROASIT,ASOCIAȚIA ITALIENILOR DIN ROMÂNIA,,ROASIT.jpg,8736496,"Strada Petru Rareș, Municipiul Suceava, Județul Suceava",SV,,minoritati
ALAR,Asociaţia Liga Albanezilor din România,,ALAR.jpg,12351536,,,,minoritati
UAR,Uniunea Armenilor din România,,UAR.jpg,4667245,,,,minoritati
PUSL,Partidul Umanist Social Liberal,,PUSL.png,35146514,"Piața Presei Libere, Sector 1, Municipiul București",B,București,
PNTCD,PARTIDUL NATIONAL TARANESC CRESTIN DEMOCRAT,,PNTCD.jpg,4314936,"MUNICIPIUL BUCUREŞTI, SECTORUL 1, str. BDUL CAROL I, nr. 24, CP020912",B,București,
PIN,PARTIDUL INITIATIVA ROMANIA,,lipsa.jpg,17837813,,,,
APP,Alianta pentru Patrie,,APP.jpg,45238011,"Bulevardul Mihai Eminescu, Municipiul Botoşani, Județul Botoșani",BT,,
FDREPTEI,Forta Dreptei,,FDREPTEI.jpg,45701620,"Strada Izvoare, Municipiul Ploiești, Județul Prahova",PH,,
PNTTD,PARTIDUL NAȚIONAL DEMOCRAT CREȘTIN,,lipsa.jpg,7433028,"Strada Antim Ivireanu, Sector 5, Municipiul București",B,București,
PPRO,PARTIDUL PRO ROMÂNIA,,PPRO.jpg,39022160,"MUNICIPIUL BUCUREŞTI, SECTORUL 1, str. GINA PATRICHI, nr. 10",B,București,
PDU,PARTIDUL DIASPORA UNITĂ,,lipsa.jpg,43171730,"MUNICIPIUL BUCUREŞTI, SECTORUL 2, MUNICIPIUL BUCUREŞTI, SECTORUL 2, str. SOS.VERGULUI, nr. 67, bl. 15D, ap. 54",B,București,
PNRO,PARTIDUL NOUA ROMÂNIE,,lipsa.jpg,34940443,"MUNICIPIUL BUCUREŞTI, SECTORUL 3, str. Halelor, nr. 17, ap. 1B, CP030118",B,București,
PNGCD,PARTIDUL NOUA GENERAȚIE - CREȘTIN DEMOCRAT,,PNGCD.jpg,12622830,"MUNICIPIUL BUCUREŞTI, SECTORUL 3, str. Blanari, nr. 21-23",B,București,
PPPS,PARTIDUL POPULAR ȘI AL PROTECȚIEI SOCIALE,,lipsa.jpg,8501392,"Strada Academiei, Sector 3, Municipiul București",B,București,
PNREP,PARTIDUL NOUA REPUBLICĂ,,lipsa.jpg,31388973,"MUNICIPIUL BUCUREŞTI, SECTORUL 1, str. Schitu Măgureanu, nr. 17, ap. 1, CP10182",B,București,
ANR,ALIANȚA NOASTRĂ ROMÂNIA,,lipsa.jpg,36414623,"MUNICIPIUL BUCUREŞTI, SECTORUL 5, str. SABINELOR, nr. 31, bl. CORP A, ap. 2",,București,
PPMT,PARTIDUL POPULAR MAGHIAR DIN TRANSILVANIA,,lipsa.jpg,29378420,"CLUJ, MUNICIPIUL CLUJ-NAPOCA, str. Suceava, nr. 17, CP400219",CJ,Cluj-Napoca,
PRU,PARTIDUL ROMÂNIA UNITĂ,,PRU.jpg,34494529,"MUNICIPIUL BUCUREŞTI, SECTORUL 1, str. Bdl. Alexandru I. Cuza, nr. 41, CP011051",B,București,
PACT,Partidul Platforma Acțiunea Civică a Tinerilor,,lipsa.jpg,35971650,"Șoseaua Nicolae Titulescu, Sector 1, Municipiul București",B,București,
ACD,PARTIDUL ALIANȚA CREȘTIN DEMOCRATĂ,,lipsa.jpg,41590782,"MUNICIPIUL BUCUREŞTI, SECTORUL 1, str. SMOCHINULUI, nr. 32",,București,
PANA,PARTIDUL ACȚIUNEA NAȚIONALĂ ALBA,,lipsa.jpg,41383850,"ALBA, IGHIU, str. SAT BUCERDEA VINOASA, STR. PRINCIPALA, nr. 105, CP517361",AB,,
PAE,PARTIDUL ALTERNATIVA ECOLOGISTĂ,,lipsa.jpg,14950388,"Strada Ady Endre, Sector 1, Municipiul București",B,București,
PSRO,PARTIDUL SOCIAL ROMÂNESC,,PSRO.jpg,32449521,"MUNICIPIUL BUCUREŞTI, SECTORUL 5, str. ALEEA BOTORANI, nr. 7, bl. V37, ap. 25",B,București,
PLUS,"PARTIDUL LIBERTATE, UNITATE ȘI SOLIDARITATE",,PLUS.jpg,40337570,"MUNICIPIUL BUCUREŞTI, SECTORUL 1, str. FINLANDA, nr. 15",B,București,
ANT,ALIANȚA NAȚIONAL ȚARANISTĂ,,lipsa.jpg,35718837,"MUNICIPIUL BUCUREŞTI, SECTORUL 1, str. N.CONSTANTINESCU, nr. 7, bl. 14A, ap. 14",,București,
UNPR,UNIUNEA NAȚIONALĂ PENTRU PROGRESUL ROMÂNIEI,,UNPR.jpg,27494526,"MUNICIPIUL BUCUREŞTI, SECTORUL 1, str. GHEORGHE BRATIANU, nr. 7",B,București,
PPOP,PARTIDUL POPULAR,,lipsa.jpg,15726665,"Strada Pecetei, Sector 1, Municipiul București",B,București,
PALTERNATIVAD,PARTIDUL ALTERNATIVA DREAPTĂ,,lipsa.jpg,41716377,"MUNICIPIUL BUCUREŞTI, SECTORUL 3, str. Bulevardul Corneliu Coposu, nr. 1D, ap. 21",B,București,
ANA,ALIANȚA NAȚIONALĂ A AGRICULTORILOR,,lipsa.jpg,,"ILFOV, ORAŞ BRAGADIRU, str. TOPAZ, nr. 13B",IF,,
PPUSL,PARTIDUL PUTERII UMANISTE,,PUSL.jpg,35146514,"MUNICIPIUL BUCUREŞTI, SECTORUL 1, str. Piata Presei Libere, nr. 1, bl. corp D1, CP013701",B,București,
PCG,PARTIDUL CORECTEI GUVERNĂRI,,lipsa.jpg,40694122,"MUNICIPIUL BUCUREŞTI, SECTORUL 1, str. Calea Victoriei, nr. 155, bl. D1",B,București,
PB2020,PARTIDUL BUCURESTI 2020,,lipsa.jpg,42963715,"MUNICIPIUL BUCUREŞTI, SECTORUL 3, str. CALEA VITAN, nr. 154-158, ap. CAMERA 1",B,București,
PND,PARTIDUL NAȚIONAL DEMOCRAT,,lipsa.jpg,34914681,"MUNICIPIUL BUCUREŞTI, SECTORUL 2, str. Sos. Pantelimon, nr. 361, CP21625",B,București,
PREFORMATOR,PARTIDUL REFORMATOR,,lipsa.jpg,38692588,"MUNICIPIUL BUCUREŞTI, SECTORUL 1, str. Ion Campineanu, nr. 3A",B,București,
PPPATRIE,PARTIDUL PENTRU PATRIE,,lipsa.jpg,8742374,"Veseliei, Sector 5, Municipiul București",B,București,
PPG,PARTIDUL PACT PENTRU GALAȚI,,lipsa.jpg,41558390,"GALAŢI, MUNICIPIUL GALAŢI, str. Domnească, nr. 50A, CP800008",,,
PRP,PARTIDUL ROMÂNILOR DE PRETUTINDENI,,lipsa.jpg,35744844,"MUNICIPIUL BUCUREŞTI, SECTORUL 3, str. Cosla, nr. 6, bl. A8, ap. 38, CP617390",B,București,
PCMMPP,PARTIDUL CIVIC MAGHIAR,,lipsa.jpg,23650304,"HARGHITA, MUNICIPIUL ODORHEIU SECUIESC, str. KOSSUTH LAJOS, nr. 20, CP535600",HG,,
PALS,PARTIDUL ALIANȚA SOCIALISTĂ,,lipsa.jpg,16322070,"Șoseaua Berceni, Sector 4, Municipiul București",B,București,
PER,PARTIDUL ECOLOGIST ROMÂN,,PER.jpg,4801052,"MUNICIPIUL BUCUREŞTI, SECTORUL 1, str. CALEA VICTORIEI, nr. 91-93",B,București,
PIA,PARTIDUL PRAHOVA IN ACȚIUNE,,lipsa.jpg,41855553,"PRAHOVA, MUNICIPIUL PLOIEŞTI, str. ABRUD, nr. 32, CP100136",,,
PSR,PARTIDUL SOCIALIST ROMÂN,,lipsa.jpg,33875187,"MUNICIPIUL BUCUREŞTI, SECTORUL 2, str. Olari, nr. 12, CP024057",B,București,
PRC,PARTIDUL REPUBLICAN CONSERVATOR,,lipsa.jpg,41046471,"BRAŞOV, MUNICIPIUL SĂCELE, str. Bolnoc, nr. 201",BV,Săcele,
PUIS,PARTIDUL UNIUNEA INDEPENDENTA PENTRU SIGHISOARA,,lipsa.jpg,35991771,"MUREŞ, MUNICIPIUL SIGHIŞOARA, str. Tabacarilor, nr. 10, CP545400",,,
PFDIN,PARTIDUL FRONTUL DEMNITATII SI IDENTITATII NATIONALE,,lipsa.jpg,36049757,"MUNICIPIUL BUCUREŞTI, SECTORUL 1, str. WALTER MARACINEANU, nr. 1-3, ap. CAM 104 SI 108",B,București,
PNTMM,PARTIDUL NAȚIONAL ȚĂRĂNESC MANIU MIHALACHE,,lipsa.jpg,36798702,"MUNICIPIUL BUCUREŞTI, SECTORUL 2, str. DAVID PRAPORGESCU, nr. 29, ap. 4",B,București,
PUIT,PARTIDUL UNIUNEA INDEPENDENTA PENTRU TECUCI,,lipsa.jpg,40048245,"GALAŢI, MUNICIPIUL TECUCI, str. Stefan Octavian Iosif, nr. 2C, CP805300",,,
PPQ,Partidul Patriotilor Qanon,,lipsa.jpg,46752281,"Strada Arieș, Municipiul Baia Mare, Județul Maramureș",,,
POL,PARTIDUL OAMENILOR LIBERI,,lipsa.jpg,35203318,"MUREŞ, MUNICIPIUL TÎRGU MUREŞ, str. POSTEI, nr. 1, CP540043",,,
PIL,PARTIDUL IALOMIȚENILOR,,lipsa.jpg,35933991,"IALOMIŢA, MUNICIPIUL SLOBOZIA, str. Matei Basarab,, nr. 59",,,
UB,UNIUNEA PENTRU BUCOVINA,,lipsa.jpg,40521601,"SUCEAVA, MUNICIPIUL SUCEAVA, str. Stefan cel Mare, nr. 20A, camera 2",SV,,
PSI,PARTIDUL SOCIETĂȚII IEȘENE,,lipsa.jpg,35906598,"IAŞI, MUNICIPIUL IAŞI, str. Bdul Nicolae Iorga, nr. 18, bl. L2, ap. 2, CP700260",,,
PVERDE,PARTIDUL VERDE,,lipsa.jpg,18351683,"MUNICIPIUL BUCUREŞTI, SECTORUL 3, str. Lipscani, nr. 19, ap. 106",B,București,
PGJ,PARTIDUL GORJENILOR,,lipsa.jpg,39165012,"GORJ, MUNICIPIUL TÎRGU JIU, str. Tudor Vladimirescu, CP210002",,,
PNEOL,PARTIDUL NEOLIBERAL,,lipsa.jpg,38417340,"MUNICIPIUL BUCUREŞTI, SECTORUL 1, str. Vorniceni, nr. 30, CP013856",B,București,
REZIST,PARTIDUL REZIST,,lipsa.jpg,40119630,"TIMIŞ, MUNICIPIUL TIMIŞOARA, str. Simion Bărnuțiu, nr. 20, ap. 29, CP300303",TM,Timișoara,
ADER,PARTIDUL ADER LA DEMOCRAȚIE EDUCAȚIE SI RECONSTRUCȚIE,,lipsa.jpg,41745330,"MUNICIPIUL BUCUREŞTI, SECTORUL 2, str. DUMITRU SLUGERU, nr. 4",,București,
PSPR,PARTIDUL SOCIAL POPULAR - ROMÂN,,lipsa.jpg,40894490,"SUCEAVA, MUNICIPIUL RĂDĂUŢI, str. PUTNEI, nr. 178C, CP725400",,,
PRM,PARTIDUL ROMÂNIA MARE,,PRM.jpg,7432545,"MUNICIPIUL BUCUREŞTI, SECTORUL 1, str. Vasile Lascar, nr. 16",B,București,
ARN,PARTIDUL ALIANȚA RENAȘTEREA NAȚIONALĂ,,lipsa.jpg,43245721,"TIMIŞ, MUNICIPIUL TIMIŞOARA, str. PIATA PLEVNEI, nr. 4, ap. SAD",TM,Timișoara,
PPR,PARTIDUL POLITIC REALITATEA,,lipsa.jpg,,"MUNICIPIUL BUCUREŞTI, SECTORUL 1, str. G-ral Constantin Budisteanu, nr. 11bis, ap. camera 21",B,București,
PNROMAN,PARTIDUL NAȚIONAL ROMÂN,,lipsa.jpg,38123426,"ILFOV, SNAGOV, str. Intr.Matei Corvin(sat Ciofliceni), nr. 4",,,
PM,PARTIDUL MONARHIST,,lipsa.jpg,1000177,"MUNICIPIUL BUCUREŞTI, SECTORUL 5, str. Amurgului, nr. 91, CP51986",B,București,
UCDR,UNIUNEA CREȘTIN DEMOCRATĂ DIN ROMÂNIA,,lipsa.jpg,,"CLUJ, MUNICIPIUL CLUJ-NAPOCA, str. Colonia Breaza, nr. 22A, bl. S25, CP400253",CJ,Cluj-Napoca,
PRDIASPORA,PARTIDUL ROMÂNILOR DIN DIASPORA,,lipsa.jpg,44586506,"PRAHOVA, FLOREŞTI, str. SAT CAP ROSU, nr. 42",,,
PDLIB,PARTIDUL DREAPTA LIBERALA,,lipsa.jpg,41033935,"MUNICIPIUL BUCUREŞTI, SECTORUL 1, str. Siriului, nr. 74-76, CP14354",B,București,
PNS,PARTIDUL NAȚIONAL SOCIALIST,,lipsa.jpg,36116368,"MUNICIPIUL BUCUREŞTI, SECTORUL 6, str. Chitila Triaj, nr. 4",B,București,
PSDM,PARTIDUL SOCIAL DEMOCRAT AL MUNCITORILOR,,lipsa.jpg,13052907,"MUNICIPIUL BUCUREŞTI, SECTORUL 1, str. Piata Walter Mărăcineanu, nr. 1-3, Intrarea 5, ap. 4, CP10155",B,București,
PRN,PARTIDUL ROMÂNIA NOASTRĂ,,lipsa.jpg,39308155,"MUNICIPIUL BUCUREŞTI, SECTORUL 4, str. Serg. Maj.Samoilă Dumitru, nr. 3, bl. 125, ap. 23",B,București,
PFN,PARTIDUL FORTA NATIONALA,,lipsa.jpg,36282328,"MUNICIPIUL BUCUREŞTI, SECTORUL 2, str. Vergului, nr. 65, bl. 17, ap. 207",B,București,
PVTF,PARTIDUL VIITORUL TARII FAGARASULUI,,lipsa.jpg,46100490,"BRAŞOV, MUNICIPIUL FĂGĂRAŞ, str. Tabacari, bl. 4, ap. 1",BV,,
PROIAȘI,PARTIDUL PRO IAȘI,,lipsa.jpg,42111250,"IAŞI, MUNICIPIUL IAŞI, str. Titu Maiorescu, nr. 10, ap. 12",IS,,
PNPP,PARTIDUL NAȚIONAL PENTRU PATRIE,,lipsa.jpg,34877940,"ILFOV, ORAŞ MĂGURELE, str. Sat Dumitrana, Str.Duzilor, nr. 40",,,
PDDR,PARTIDUL DEMOCRAȚIE DIRECTĂ ROMÂNIA,,lipsa.jpg,35357716,"MUNICIPIUL BUCUREŞTI, SECTORUL 2, str. AUREL VLAICU, nr. 154, ap. 3, CP20099",B,București,
PNR,PARTIDUL NEAMUL ROMÂNESC,,lipsa.jpg,,"MUNICIPIUL BUCUREŞTI, SECTORUL 2, str. CALEA MOȘILOR, nr. 115, ap. 2",B,București,
AER,PARTIDUL ALIANTA PENTRU EDUCATIE SI REFORMA,,lipsa.jpg,42624565,"MUNICIPIUL BUCUREŞTI, SECTORUL 2, str. SOS.PANTELIMON, nr. 255, bl. 43",,București,
DEMOS,PARTIDUL DEMOCRAȚIEI ȘI SOLIDARITAȚII-DEMOS,,DEMOS.jpeg,40059406,"MUNICIPIUL BUCUREŞTI, SECTORUL 3, str. STELEA SPĂTARUL, nr. 13, CP030211",B,București,
PDAR,PARTIDUL DACISMULUI AUTONOM CONSERVATOR,,lipsa.jpg,36185414,"MUNICIPIUL BUCUREŞTI, SECTORUL 5, str. Teius, bl. 10, ap. 24, CP51391",B,București,
PDEMINTATIIN,PARTIDUL DEMNITATII NATIONALE,,lipsa.jpg,,"DOLJ, MUNICIPIUL CRAIOVA, str. FORTUNESCU, nr. 3",,,
PAD,PARTIDUL ADEVĂR ȘI DREPTATE,,lipsa.jpg,38725278,"TIMIŞ, MUNICIPIUL TIMIŞOARA, str. Intrarea Doinei, nr. 31, ap. 9, CP300086",TM,Timișoara,
ALO,PARTIDUL ALIANTA LEGE SI ORDINE,,lipsa.jpg,39139838,"MUNICIPIUL BUCUREŞTI, SECTORUL 4, str. ANTON COLORIAN, nr. 37",,București,
PNATIONALIST,PARTIDUL NAȚIONALIST,,lipsa.jpg,38390245,"MUNICIPIUL BUCUREŞTI, SECTORUL 1, str. Iani Buzoianu, nr. 3, bl. 16, ap. 53, CP011571",B,București,
PV-DR,PARTIDUL VIOLET DEMOCRATIE DIRECTA,,lipsa.jpg,466052,"MUNICIPIUL BUCUREŞTI, SECTORUL 6, str. IULIU MANIU, nr. 78-92",B,București,
PACAR,PARTIDUL ALIANȚA CREȘTINĂ ADEVĂRATĂ ROMÂNĂ,,lipsa.jpg,39448957,"BIHOR, POPEŞTI, BACĂU, MUNICIPIUL BACĂU, str. I. Ionescu de la Brad, bl. 84, ap. 3, bl. 92, ap. 3, CP417930",BC,,
PNROM,PARTIDUL NAȚIUNEA ROMÂNĂ,,lipsa.jpg,38291713,"MUNICIPIUL BUCUREŞTI, SECTORUL 2, str. Leonida, nr. 16",B,București,
PA,PARTIDUL ARĂDENILOR,,lipsa.jpg,40059244,"ARAD, ORAŞ PECICA, str. 305, nr. 11",AD,,
PMAK,PARTIDUL MAKEDONARMANILOR DIN ROMÂNIA,,lipsa.jpg,37168217,"CONSTANŢA, MUNICIPIUL CONSTANŢA, str. BD. TOMIS, nr. 218, bl. TD5A, ap. cam 1, CP900652",CT,Constanța,
AMT,ALIANȚA MAGHIARĂ DIN TRANSILVANIA,,lipsa.jpg,42892304,"CLUJ, MUNICIPIUL CLUJ-NAPOCA, str. SUCEAVA, nr. 17, CP400219",CJ,Cluj-Napoca,
PROMANIROMANIA,PARTIDUL ROMÂNI PENTRU ROMÂNIA,,lipsa.jpg,38462732,"MUNICIPIUL BUCUREŞTI, SECTORUL 1, str. ARISTOTEL PAPPIA, nr. 40",B,București,
ICM,PARTIDUL INDEPENDENȚII COMUNEI MOȘNIȚA,,lipsa.jpg,42948219,"TIMIŞ, MOŞNIŢA NOUĂ, str. SAT MOȘNIȚA VECHE, STR.BISTREI, nr. 31",TM,Timișoara,
PLORDR,PARTIDUL LIGA ORGANIZATA A REGIUNILOR DREPTE,,lipsa.jpg,36029296,"CONSTANŢA, MUNICIPIUL CONSTANŢA, str. BD. AUREL VLAICU, nr. 144, bl. PHOENIX RESORT, ap. Birourile 401-410, CP900498",CT,Constanța,
ACN,PARTIDUL APĂRĂTORII COPIILOR NOȘTRI,,lipsa.jpg,37987491,"MUNICIPIUL BUCUREŞTI, SECTORUL 2, str. ARDELENI, nr. 12, ap. 2",,București,
CTA,PARTIDUL CONSTANȚA ALTFEL,,lipsa.jpg,46058019,"CONSTANŢA, MUNICIPIUL CONSTANŢA, str. BOGDAN PETRICEICU HASDEU, nr. 21",CT,Constanța,
IPM,PARTIDUL ÎMPREUNĂ PENTRU MOLDOVA,,lipsa.jpg,42169740,"IAŞI, MUNICIPIUL IAŞI, str. Spancioc, nr. 12A",IS,,
PBACAUANILOR,PARTIDUL BĂCĂUANILOR,,lipsa.jpg,42396831,"BACĂU, MUNICIPIUL BACĂU, str. I. Ionescu de la Brad, bl. 84, ap. 3",BC,,
PCOR,PARTIDUL COMUNITAR DIN ROMÂNIA,,lipsa.jpg,35329520,"MUNICIPIUL BUCUREŞTI, SECTORUL 1, str. PARIS, nr. 36A, ap. 4, CP11814",B,București,
PCP,PARTIDUL CINSTE ȘI PROSPERITATE,,lipsa.jpg,41036087,"BIHOR, POPEŞTI, str. Sat Voivozi, str.Principală, nr. 438, CP417397",,,
PDP,PARTIDUL DIASPORA ȘI PRIETENII,,lipsa.jpg,42324100,"HUNEDOARA, ORAŞ GEOAGIU, str. Localitate Băcîia, nr. 15",,,
PDR,PARTIDUL DREAPTA REPUBLICANĂ,,lipsa.jpg,41200472,"MUNICIPIUL BUCUREŞTI, SECTORUL 6, str. IULIU MANIU, nr. 78-92",B,București,
PDS,PARTIDUL DREPTĂȚII SOCIALE,,lipsa.jpg,30873147,"MUNICIPIUL BUCUREŞTI, SECTORUL 1, str. Nicolae Balcescu, nr. 17-19",B,București,
PFIN-2,PARTIDUL FORȚA IDENTITĂțII NAȚIONALE,,lipsa.jpg,36257820,"BISTRIŢA-NĂSĂUD, MUNICIPIUL BISTRIŢA, str. Bd.Independentei, nr. 4, bl. 4, ap. 13, CP420170",,,
PIP,PARTIDUL INIȚIATIVA PĂTÂRLAGELE,,lipsa.jpg,42174827,"BUZĂU, ORAŞ PĂTÂRLAGELE, str. Alexandru Ioan Cuza, nr. 19, CP127430",,,
PMME,PARTIDUL MIȘCAREA PENTRU MEDGIDIA,,lipsa.jpg,36005610,"CONSTANŢA, MUNICIPIUL MEDGIDIA, str. REPUBLICII, nr. 9, bl. G2, CP905600",CT,Medgidia,
PNA,PARTIDUL NAȚIONAL AGRAR,,lipsa.jpg,36526856,"ILFOV, ORAŞ VOLUNTARI, str. SOS.PIPERA-TUNARI, nr. 86-88, bl. VILA 7",,,
PNDR,PARTIDUL NOUA DREAPTĂ,,lipsa.jpg,35338285,"MUNICIPIUL BUCUREŞTI, SECTORUL 2, str. VIITORULUI, nr. 81, CP020606",B,București,
PNG,PARTIDUL NOUA GENERATIE,,lipsa.jpg,12622830,"Adresă: Strada Blănari, Sector 3, Municipiul București",B,București,
PPAM,PARTIDUL PENTRU ARGEȘ ȘI MUSCEL,,lipsa.jpg,35324425,"ARGEŞ, MUNICIPIUL PITEŞTI, str. Unirii, ap. 11, CP110013",,,
PPDD,PARTIDUL POPORULUI - DAN DIACONESCU,,PPDD.jpg,29218381,"Strada Preciziei, Sector 6, Municipiul București",B,București,
PPPHRALIPER,PARTIDUL PHRALIPE AL ROMILOR,,lipsa.jpg,40745757,"ALBA, MUNICIPIUL ALBA IULIA, str. BD.REVOLUTIEI 1989, nr. 5, bl. V1D, ap. 14",,,
PRMD,PARTIDUL ROMÂNIA MODERNĂ ȘI DEMNĂ,,lipsa.jpg,38984426,"CONSTANŢA, MUNICIPIUL MANGALIA, str. Plopilor, nr. 5, CP905550",CT,Mangalia,
PRRO,PARTIDUL REPUBLICAN DIN ROMÂNIA,,lipsa.jpg,34323634,"MUNICIPIUL BUCUREŞTI, SECTORUL 1, str. Dem. I. Mendeleev, nr. 3",B,București,
PSC,PARTIDUL SOCIALIST CREȘTIN,,lipsa.jpg,36823474,"MUNICIPIUL BUCUREŞTI, SECTORUL 3, str. ANGHEL SALIGNY, nr. 8",B,București,
PST,PARTIDUL STEJARILOR,,lipsa.jpg,36711489,"MUNICIPIUL BUCUREŞTI, SECTORUL 5, str. Aleea Posada, nr. 8, bl. 31, ap. 19, CP51414",B,București,
PUNCRR,PARTIDUL UNIUNEA NAȚIONALĂ CREȘTINĂ A ROMILOR DIN ROMÂNIA,,lipsa.jpg,,"MUNICIPIUL BUCUREŞTI, SECTORUL 1, str. Izbiceni, nr. 73, CP13252",B,București,
PUSR,PARTIDUL UNITAȚII SOCIALE DIN ROMÂNIA,,lipsa.jpg,35644187,"BRAŞOV, MUNICIPIUL BRAŞOV, str. 13 DECEMBRIE, nr. 6, ap. 1",BV,,
UND,PARTIDUL POLITIC UNIUNEA NATIVILOR DIGITALI,,lipsa.jpg,,"DOLJ, MUNICIPIUL CRAIOVA, str. Brestei, nr. 3C, ap. CAMERA 25",DJ,,
A.C.D.,ALIANTA DE CENTRU DREAPTA P.N.L-P.C,,lipsa.jpg,30050663,"MUNICIPIUL BUCUREŞTI, SECTORUL 1, str. BD.AVIATORILOR, nr. 86",,București,
AAA,PARTIDUL ALIANȚA ALBEȘTII DE ARGEȘ,,lipsa.jpg,45724640,"ARGEŞ, ALBEŞTII DE ARGEŞ, str. SAT DOBROTU",AG,,
ACDR,ALIANȚA CIVICĂ DEMOCRATĂ A ROMILOR,,lipsa.jpg,,,,,
ACL PNL+PDL,ACL PNL+PDL,,lipsa.jpg,,,,,
ACS,ALIANȚA DE CENTRU STÂNGA (PSD+UNPR),,lipsa.jpg,,"MUNICIPIUL BUCUREŞTI, SECTORUL 1, MUNICIPIUL BUCUREŞTI, SECTORUL 1, str. BD.AVIATORILOR, nr. 86",,București,
ADN,PARTIDUL ALTERNATIVA PENTRU DEMNITATE NATIONALĂ,,lipsa.jpg,,"MUNICIPIUL BUCUREŞTI, SECTORUL 1, str. SEVASTOPOL, nr. 6, ap. 4",,București,
AFR,PARTIDUL ASOCIATIA FEMEILOR DIN ROMANIA,,lipsa.jpg,42555481,"CONSTANŢA, MUNICIPIUL CONSTANŢA, str. GENERAL MANU, nr. 20",CT,Constanța,
AS,PARTIDUL ALIANȚA STRADA,,lipsa.jpg,,"MUNICIPIUL BUCUREŞTI, SECTORUL 1, str. SEMICERCULUI, nr. 8",B,București,
BUN,BLOCUL UNITĂȚII NAȚIONALE,,lipsa.jpg,34716790,"MUNICIPIUL BUCUREŞTI, SECTORUL 1, str. Av. Stefan Sanatescu, nr. 43, ap. 3, CP11476",B,București,
CPN,COALIȚIA PENTRU NAȚIUNE,,lipsa.jpg,41522117,"MUNICIPIUL BUCUREŞTI, SECTORUL 1, str. Căpitan Aviator Nicolae Drossu, nr. 27",B,București,
DCD,PARTIDUL DIASPOREI CREȘTIN DEMOCRATE,,lipsa.jpg,n/a,"CLUJ, MUNICIPIUL CLUJ-NAPOCA, str. GÂRBĂU, nr. 12, ap. 33 A1",CJ,Cluj-Napoca,
FC,FORTA CIVICA,,lipsa.jpg,16850741,"Adresă: Strada Turnul Eiffel, Sector 2, Municipiul București",B,București,
FCER,Federatia Comunitatilor Evreiesti din Romania.,,FCER.jpg,7426470,"Sfânta Vineri, Sector 3, Municipiul București",B,București,minoritati
ION,PARTIDUL POLITIC INIȚIATIVA OTOPENIUL NOSTRU,,lipsa.jpg,42675240,"ILFOV, ORAŞ OTOPENI, str. 23 AUGUST, nr. 209A",IF,,
LIR,PARTIDUL LIGA INDEPENDENTĂ ROMÂNĂ,,lipsa.jpg,n/a,"IALOMIŢA, MUNICIPIUL FETEŞTI, str. CALARASI, nr. 571C, bl. 10, ap. 21",IL,,
MC,MIȘCAREA CONSERVATOARE IN ROMÂNIA,,lipsa.jpg,19171923,"MUNICIPIUL BUCUREŞTI, SECTORUL 3, str. Hristo Botev, nr. 3, ap. 5",B,București,
MV-DA,PARTIDUL MIȘCAREA VERZILOR DEMOCRATI AGRARIENI,,lipsa.jpg,,"MUNICIPIUL BUCUREŞTI, SECTORUL 1, str. BUCUREȘTII NOI, nr. 209",B,București,
P.PRO,PARTIDUL PRODEMO,,lipsa.jpg,29158310,"MUNICIPIUL BUCUREŞTI, SECTORUL 3, str. ANIVERSARII, nr. 41, bl. MODUL 107",B,București,
P200B,PARTIDUL 200 PENTRU BUCUREȘTI,,lipsa.jpg,36013125,"MUNICIPIUL BUCUREŞTI, SECTORUL 1, str. Popa Tatu, nr. 40A",B,București,
PACASA,"PARTIDUL ALTERNATIVA CIVICĂ, ATITUDINE, SOLIDARITATE, ACȚIUNE",,lipsa.jpg,36639839,"MUNICIPIUL BUCUREŞTI, SECTORUL 2, str. Căminului, nr. 5, ap. 2, CP21742",B,București,
PADOMNESTI,Partidul Alianța pentru Domnești,,lipsa.jpg,35763030,"Intrarea AGATELOR, Satul Domnești, Comuna Domnești, Județul Ilfov",IF,,
PADR,PARTIDUL ALIANȚA DEMOCRATĂ A ROMILOR,,lipsa.jpg,34369631,"SIBIU, MUNICIPIUL SIBIU, str. GRAULUI, nr. 6",SB,,
PAR,PARTIDUL AGRICULTORILOR DIN ROMÂNIA,,lipsa.jpg,35401480,"ARGEŞ, MUNICIPIUL PITEŞTI, str. ALEEA ELIE RADU, nr. 3, bl. A1, ap. 17",AG,,
PARTRERO,PARTIDUL RENAȘTEREA ROMÂNIA,,lipsa.jpg,n/a,,,,
PAS,PARTIDUL ALTERNATIVA SOCIALISTĂ,,lipsa.jpg,n/a,,,,
PAV,PARTIDUL ALTERNATIVA DE VEST,,lipsa.jpg,36092978,"ARAD, MUNICIPIUL ARAD, str. B-dul Decebal, nr. 3, ap. 3A, CP310131",AD,,
PBANATUL,PARTIDUL BANATUL,,lipsa.jpg,40136800,"TIMIŞ, MUNICIPIUL TIMIŞOARA, str. MIHAIL KOGALNICEANU, bl. C9, ap. 12",TM,Timișoara,
PBOTOSANENILOR,PARTIDUL BOTOȘĂNENILOR,,lipsa.jpg,35252396,"BOTOŞANI, MUNICIPIUL BOTOŞANI, str. CALEA NAȚIONALĂ, nr. 107, bl. O3, ap. 16, CP710061",BT,,
PCA,PARTIDUL CIVIC ALIMPEȘTI,,lipsa.jpg,,"GORJ, ALIMPEŞTI, str. SAT CIUPERCENII DE OLTEȚ, nr. 128",GJ,,
PCO,PARTIDUL COMUNISTILOR,,lipsa.jpg,28204825,"ARGEŞ, MUNICIPIUL CURTEA DE ARGEŞ, str. ELENA CUZA, bl. B3, ap. 62",AG,,
PCR,PARTIDUL COMUNIST ROMÂN SECOLUL XXI,,lipsa.jpg,36840769,"MUNICIPIUL BUCUREŞTI, SECTORUL 1, str. Căpitanul Constantin, nr. 12",B,București,
PCSLR,PARTIDUL CREȘTIN SOCIAL LIBERAL ROMÂN,,lipsa.jpg,49275560,"ILFOV, CHIAJNA, str. TINERETULUI(SAT DUDU), nr. 6, ap. 15",,,
PCU,PARTIDUL COSTINEȘTIUL UNIT,,lipsa.jpg,42344301,"CONSTANŢA, COSTINEŞTI, str. TINERETULUI, nr. 65",CT,Costinești,
PD,ALIANȚA DREPTATE ȘI ADEVĂR D.A.PNL,,PD.jpg,16346990,"MUNICIPIUL BUCUREŞTI, SECTORUL 1, str. BD.AVIATORILOR, nr. 86",B,București,
PDC,PARTIDUL DREAPTA CONSERVATOARE,,lipsa.jpg,44200280,"BRĂILA, MUNICIPIUL BRĂILA, str. Aleea Trandafirilor, nr. 5, bl. E1, ap. 71",,,
PDDSN,PARTIDUL DREPTĂȚII DEMNITĂȚII SOLIDARITĂȚII NAȚIONALE,,lipsa.jpg,35911870,"IAŞI, MUNICIPIUL IAŞI, str. Șos.Iasi-Voinești, nr. 132, CP700620",,,
PDEZVOLTARIIN,PARTIDUL DEZVOLTĂRII NAȚIONALE,,lipsa.jpg,,"MUNICIPIUL BUCUREŞTI, SECTORUL 1, str. BARLOGENI, nr. 38-40, bl. CORP A",B,București,
PDIRO,PARTIDUL DIASPORA ROMANA,,lipsa.jpg,41223751,"CARAŞ-SEVERIN, ORAŞ BĂILE HERCULANE, str. Trandafirilor, nr. 97, CP325200",,,
PDREPTATII,PARTIDUL DREPTĂȚII,,lipsa.jpg,41773372,"OLT, MUNICIPIUL CARACAL, str. DRAGOȘ VODĂ, bl. A21, ap. 8",,,
PF,PARTIDUL FAPTA,,lipsa.jpg,35919040,"IAŞI, MUNICIPIUL IAŞI, str. STEFAN CEL MARE SI SFANT, nr. 4",,,
PFD,PARTIDUL FORȚA DEMOCRATĂ,,lipsa.jpg,16419120,"Calea Călărași, Sector 3, Municipiul București",B,București,
PFFR,PARTIDUL FRĂȚIA FORȚA ROMÂNIA,,lipsa.jpg,40060249,"MUNICIPIUL BUCUREŞTI, SECTORUL 4, str. Șoseaua Giurgiului, nr. 206",B,București,
PFP,PARTIDUL FORȚA PENSIONARILOR,,lipsa.jpg,38390296,"MUNICIPIUL BUCUREŞTI, SECTORUL 1, str. SMARANDA BRAIESCU, nr. 38, bl. 20H, ap. 18",B,București,
PFR,PARTIDUL FORȚA ROMÂNEASCĂ,,lipsa.jpg,40734766,"MUNICIPIUL BUCUREŞTI, SECTORUL 1, str. POET GRIGORE ALEXANDRESCU, nr. 82, bl. CORP A, ap. 3",B,București,
PG,PARTIDUL GĂLĂȚENILOR,,lipsa.jpg,46779848,"GALAŢI, MUNICIPIUL GALAŢI, str. OȚELARILOR, nr. 20, bl. P3, ap. 38",,,
PIRAT,PARTIDUL PIRAT ROMÂNIA,,lipsa.jpg,44836521,"CLUJ, MUNICIPIUL CLUJ-NAPOCA, str. Horea, nr. 4, ap. 1",CJ,Cluj-Napoca,
PLORD,PARTIDUL LEGE ȘI ORDINE- ROMÂNIA DEMOCRATĂ,,lipsa.jpg,38481483,"MUNICIPIUL BUCUREŞTI, SECTORUL 3, str. Bd. Decebal, nr. 1, bl. H2, ap. 121, CP30961",B,București,
PMCSA,PARTIDUL MÂNDRI CA SUNTEM ARADENI,,lipsa.jpg,36028819,"ARAD, MUNICIPIUL ARAD, str. CALIMANESTI, nr. 7, bl. 29, ap. 28",AD,Arad,
PML,PARTIDUL MIȘCAREA LIBERALĂ,,lipsa.jpg,,,,,
PMM,PARTIDUL MARAMUREȘENILOR,,lipsa.jpg,36051390,"MARAMUREŞ, MUNICIPIUL BAIA MARE, str. B-dul Independenței, nr. 4, CP430123",,,
PMSL,PARTIDUL MIȘCAREA SOCIAL LIBERALĂ,,lipsa.jpg,36015509,"BRAŞOV, ORAŞ RÂŞNOV, str. Republicii, nr. 12, CP505400",BV,Râșnov,
PNCI,PARTIDUL NAȚIONAL CIVIC,,lipsa.jpg,36386698,"MUNICIPIUL BUCUREŞTI, SECTORUL 3, str. P-ța Alba Iulia, nr. 3, bl. I2, ap. 41, CP031103",B,București,
PNDC,PARTIDUL NAȚIONAL DEMOCRAT CREȘTIN,,lipsa.jpg,7433028,"Strada Antim Ivireanu, Sector 5, Municipiul București",B,București,
PNGET,"PARTIDUL NOI, GETODACII !",,lipsa.jpg,,"DÂMBOVIŢA, BEZDEAD, str. Principală, nr. 236, CP137035",,,
PNOSTRU,PARTIDUL NOSTRU,,lipsa.jpg,36032607,"BRAŞOV, MUNICIPIUL BRAŞOV, str. FUNDĂTURA ROȘIORILOR, nr. 2",BV,,
PNREV,PARTIDUL NOUA REVOLUȚIE,,lipsa.jpg,,"MUNICIPIUL BUCUREŞTI, SECTORUL 3, str. Blv. Mircea Vodă, bl. 21BIS, ap. 10, CP30667",B,București,
PP,PARTIDUL POPORULUI,,lipsa.jpg,29366540,"Adresă: Strada Academiei, Sector 1, Municipiul București",B,București,
PP-LC,PARTIDUL POPORULUI,,lipsa.jpg,29366540,"MUNICIPIUL BUCUREŞTI, SECTORUL 1, str. ACADEMIEI, nr. 7, ap. CAM 15-16",B,București,
PPDPS,PARTIDUL PENTRU DEZVOLTARE ȘI PROGRES SOCIAL,,lipsa.jpg,35120956,"IAŞI, POPRICANI, IAŞI, MUNICIPIUL IAŞI, str. Titu Maiorescu, nr. 10, ap. 12",,,
PPE-DE,ALIANȚA PARTIDUL POPULAR EUROPEAN ȘI DEMOCRAȚI EUROPENI,,lipsa.jpg,,"MUNICIPIUL BUCUREŞTI, SECTORUL 1, str. PECETEI, nr. 4A, bl. 4, ap. 188",B,București,
PPI,PARTIDUL PENTRU IAȘI,,lipsa.jpg,36556377,"IAŞI, MUNICIPIUL IAŞI, str. Otilia Cazimir, nr. 15, ap. 4, CP700400",,,
PPOPULARR,PARTIDUL POPULAR DIN ROMÂNIA,,lipsa.jpg,38291705,"MUNICIPIUL BUCUREŞTI, SECTORUL 2, str. Arh. Ionescu Grigore, nr. 63, bl. T73, ap. 40",B,București,
PPP,PARTIDUL PROGRESUL POPORULUI,,lipsa.jpg,43136139,"MUNICIPIUL BUCUREŞTI, SECTORUL 2, str. SOS.VERGULUI, nr. 67, bl. 15D, ap. 54",B,București,
PR,PARTIDUL REVOLUȚIEI,,lipsa.jpg,,"MUNICIPIUL BUCUREŞTI, SECTORUL 2, str. Olari, nr. 9, ap. 3",B,București,
PREGALISTR,PARTIDUL REGALIST ROMÂN,,lipsa.jpg,47908649,"BOTOŞANI, MUNICIPIUL BOTOŞANI, str. Calea Nationala, nr. 107, bl. O2, ap. 21",BT,,
PRENASTEREAR,PARTIDUL RENAȘTEREA ROMÂNEASCĂ,,lipsa.jpg,,"CONSTANŢA, VALU LUI TRAIAN, str. ION CREANGĂ, nr. 5, bl. TRIAJ",CT,Valu lui Traian,
PRENASTERIIN,PARTIDUL RENASTERII NATIONALE,,lipsa.jpg,45446365,"MUNICIPIUL BUCUREŞTI, SECTORUL 1, str. PETRU MAIOR, nr. 38",B,București,
PROE,PARTIDUL ROMÂNIEI EUROPENE,,lipsa.jpg,22085130,"Drumul Taberei, Sector 6, Municipiul București",B,București,
PROGRES,PARTIDUL PROGRESIST,,lipsa.jpg,41986621,"CONSTANŢA, MUNICIPIUL CONSTANŢA, str. LABIRINT, nr. 35C",CT,Constanța,
PROMILORD,PARTIDUL ROMILOR DEMOCRATI,,lipsa.jpg,36033157,"BUZĂU, MUNICIPIUL BUZĂU, str. VULCANI, nr. 13",BZ,,
PRPP,PARTIDUL ROMÂNILOR PATRIOȚI DE PRETUTINDENI,,lipsa.jpg,42617002,"MUNICIPIUL BUCUREŞTI, SECTORUL 1, str. DINICU GOLESCU, nr. 23-25, bl. B, ap. 19",B,București,
PRR,PARTIDUL ROMÂNIA RAȚIONALĂ,,lipsa.jpg,41734500,"CONSTANŢA, ORAŞ NĂVODARI, str. C1, nr. 58B-C5, ap. Biroul nr.2",CT,Năvodari,
PRestart,PARTIDUL RE:START ROMÂNIA,,lipsa.jpg,,"MUNICIPIUL BUCUREŞTI, SECTORUL 1, str. GH. IONESCU SINESTI, nr. 33",B,București,
PSD-UNPR-PC,PSD-UNPR-PC,,PSD-UNPR-PC.jpg,,,,,
PSDCTP,PARTIDUL SOCIAL DEMOCRAT - CONSTANTIN TITEL PETRESCU,,lipsa.jpg,,,,,
PSDI,PARTIDUL SOCIAL DEMOCRAT INDEPENDENT,,lipsa.jpg,4747352,"MUNICIPIUL BUCUREŞTI, SECTORUL 5, str. MIHAIL OBEDENARU, nr. 33",B,București,
PSU,PARTIDUL STÂNGII UNITE,,lipsa.jpg,18699301,"MUNICIPIUL BUCUREŞTI, SECTORUL 1, str. BREZOIANU, nr. 23-25",B,București,
PSV,PARTIDUL SEBESUL VERDE,,lipsa.jpg,46423980,"ALBA, MUNICIPIUL SEBEŞ, str. LOCALITATE PETRESTI, nr. 16",,,
PTPT,"PARTIDUL ""TOTUL PENTRU ȚARĂ""",,lipsa.jpg,,,,,
PUER,PARTIDUL UNIUNEA ECOLOGISTĂ DIN ROMÂNIA,,lipsa.jpg,24854477,"Calea Dudești, Sector 3, Municipiul București",B,București,
PUPR,PARTIDUL UPR,,lipsa.jpg,36038340,"SUCEAVA, MUNICIPIUL RĂDĂUŢI, str. Dobrogeanu Gherea, nr. 25C, CP725400",,,
PVN,PARTIDUL VRANCEA NOASTRĂ,,lipsa.jpg,36204834,"VRANCEA, MUNICIPIUL FOCŞANI, str. Bvd. Independentei, nr. 47, ap. 11",,,
TODE,"PARTIDUL POLITIC 'TRADIȚIE, ONOARE, DISCIPLINĂ,EXCELENTĂ'",,lipsa.jpg,,"CLUJ, MUNICIPIUL CLUJ-NAPOCA, str. Calea Dorobantilor, nr. 99-101, bl. 9B, ap. 2",CJ,Cluj-Napoca,
UCSP,UNIUNEA CIVICA SLANIC PRAHOVA,,lipsa.jpg,42166050,"MUNICIPIUL BUCUREŞTI, SECTORUL 1, str. INTRAREA DRIDU, nr. 3, bl. M, ap. 37",B,București,
UDTTMR,UNIUNEA DEMOCRATĂ A TĂTARILOR TURCO-MUSULMANI DIN ROMÂNIA,,lipsa.jpg,4707528,,,,minoritati
UDUR,UNIUNEA DEMOCRATĂ A UCRAINENILOR DIN ROMÂNIA,,lipsa.jpg,,,,,
UFL,PARTIDUL UNIUNEA FORȚELOR LOCALE,,lipsa.jpg,41694856,"MUNICIPIUL BUCUREŞTI, SECTORUL 6, str. ALEEA BÂRSĂNEȘTI, nr. 1, bl. 159, ap. 112",B,București,
UNDOR,"UNIUNEA NAȚIONALĂ PENTRU DEMOCRAȚIE,OMENIE,RESPECT",,lipsa.jpg,42960573,"OLT, MORUNGLAV, str. SAT BĂRĂȘTI, STR.PRINCIPALĂ, nr. 41, CP237270",OT,,
UPC,PARTIDUL UNIUNEA PENTRU CODLEA,,lipsa.jpg,36036196,"BRAŞOV, MUNICIPIUL CODLEA, str. LATERALA, nr. 82",BV,,
UPR,UNIUNEA POLONEZILOR DIN ROMÂNIA - DOM POLSKI,,lipsa.jpg,11441371,"Strada Jean Louis Calderon, Sector 2, Municipiul București",B,București,minoritati
UPSC,UNIUNEA POPULARĂ SOCIAL CREȘTINĂ,,lipsa.jpg,21262810,"MUNICIPIUL BUCUREŞTI, SECTORUL 2, str. VERII, nr. 8",B,București,
UPSS,UNIUNEA PENSIONARILOR ȘI A SOLIDARITĂȚII SOCIALE - UNIUNEA,,lipsa.jpg,n/a,,,,
USL,UNIUNEA SOCIAL LIBERALĂ,,USL.jpg,29814201,"MUNICIPIUL BUCUREŞTI, SECTORUL 1, str. SOS.KISELEFF, nr. 57",B,București,
UVE,ALIANȚA UNIUNEA VERDE ECOLOGISTĂ,,lipsa.jpg,,"MUNICIPIUL BUCUREŞTI, SECTORUL 6, str. IULIU MANIU, nr. 78-92",B,București,
ABR,PARTIDUL ACTIUNEA PENTRU BUNASTAREA ROMANILOR,,lipsa.jpg,47995084,"Strada Fildeșului, Sector 3, Municipiul București",,București,
ACUM,PARTIDUL ACUM,,lipsa.jpg,45784064,"Strada Mașina de Pâine, Sector 2, Municipiul București",,București,
AER-2,ALIANTA ETOCRATA PENTRU REFORMA,,lipsa.jpg,47035773,"Bulevardul Ioniță Sandu Sturza, Municipiul Bacău, Județul Bacău",BC,,
AFC,ALIANTA FEMEILOR CRESTINE DIN ROMANIA,,lipsa.jpg,47496505,"Strada Barbu Iscovescu, Sector 1, Municipiul București",,București,
AMU,ALIANTA MOTILOR UNITI,,lipsa.jpg,47100251,,,,
ANC,ALIANTA NATIONAL CRESTINA,,lipsa.jpg,32691672,"Strada Topaz, Orașul Bragadiru, Județul Ilfov",IF,,
APP-2,PARTIDUL ALIANTA PENTRU PATRIE,,lipsa.jpg,45040960,"Strada Păcii, Satul Chiajna, Comuna Chiajna, Județul Ilfov",IF,,
APS,PARTIDUL ALIANTA POPORULUI SUVERAN,,lipsa.jpg,45337384,"Strada Principală, Satul Negreia, Comuna Șișești, Județul Maramureș",MM,,
ARCA,PARTIDUL ARCA - DREPTATE ADEVĂR CREDINŢĂ,,lipsa.jpg,41590782,"Strada Jiului, Sector 1, Municipiul București",,București,
ATU,PARTIDUL POLITIC ALIANTA PENTRU TRANSPARENTA SI UNITATE,,lipsa.jpg,n/a,,,,
AURR,ALIANȚA PENTRU UNITATEA RROMILOR,,lipsa.jpg,9526050,"AL. EMIL BOTTA, Sector 3, Municipiul București",B,București,
COMUNIŞTII,PARTIDUL COMUNISTII,,lipsa.jpg,n/a,,,,
DUR,PARTIDUL DIASPORA UNITA CU ROMANIA,,lipsa.jpg,46008916,"Aleea Școlii, Satul Furnicari, Comuna Tamași, Județul Bacău",BC,,
ECO,"PARTIDUL ROMANIA - ECHITATE, COMUNITATE, ONESTITATE",,lipsa.jpg,46025496,"Strada Jean Louis Calderon, Sector 2, Municipiul București",B,București,
EFOROM,PARTIDUL EFORIE ROM,,lipsa.jpg,45487926,"Strada Bogdan Petriceicu Hașdeu, Localitatea Eforie Nord, Orașul Eforie, Județul Constanța",CT,Eforie Nord,
LEU,PARTIDUL LEGE EDUCATIE UNITATE,,lipsa.jpg,46450453,"Strada Lonea, Sector 1, Municipiul București",B,București,
LUP,LIGA PENTRU UNIFICAREA PATRIOTILOR,,lipsa.jpg,47149735,"Strada Mărgeanului, Sector 5, Municipiul București",B,București,
MIR,MISCAREA IUBIM ROMANIA,,lipsa.jpg,46720654,,,,
NOI,NATIUNE OAMENI IMPREUNA,,lipsa.jpg,,,,,
PAMSS,"PARD.ARTISTILOR,MUZICIENILOR,SCRIITORILOR SI SPORT",,lipsa.jpg,,,,,
PARC,PARTIDUL ”ALIANTA ROMANIA CENTENAR”,,lipsa.jpg,48081158,"Strada Agricultori, Sector 3, Municipiul București",B,București,
PATRIA,PARTIDUL PATRIA,,lipsa.jpg,47783901,"Intrarea Umbroasă, Municipiul Timișoara, Județul Timiș",TM,Timișoara,
PB9,PARTIDUL BRĂILA NOUĂ,,lipsa.jpg,39307494,"BRĂILA, MUNICIPIUL BRĂILA, str. AL.IOAN CUZA, nr. 8",BR,,
PBD,PARTIDUL BUNASTARII DECENTE,,lipsa.jpg,45688024,"Strada Popovici, Orașul Breaza, Județul Prahova",PH,,
PCx,PARTIDUL CONSERVATOR,,PC.jpg,9008644,"Strada Academiei, Sector 1, Municipiul București",B,București,
PC,PARTIDUL CONSERVATOR,,PC.jpg,5496127,,B,București,
PCC,PARTIDUL CAMPINA CURATA,,lipsa.jpg,47190548,"Strada Bobâlna, Municipiul Câmpina, Județul Prahova",PH,,
PCD,PARTIDUL CONSERVATOR DEMOCRAT,,lipsa.jpg,44323100,"Bulevardul George Coșbuc, Municipiul Galați, Județul Galați",GL,,
PDCRR,PARTIDUL DEMOCRAT CREȘTIN AL ROMILOR DIN ROMÂNIA,,lipsa.jpg,39475455,"CLUJ, GILĂU, str. Principală, nr. 396, CP407310",CJ,Gilău,
PESR,PARTIDUL ECOLOGIST SOCIALIST ROMÂN,,lipsa.jpg,35199195,"CONSTANŢA, MUNICIPIUL CONSTANŢA, str. Stefan cel Mare, nr. 51",CT,Constanța,
PHU,PARTIDUL HUNEDOARA UNITA,,lipsa.jpg,45358999,"Aleea Flamingo, Municipiul Deva, Județul Hunedoara",,,
PLEN,PARTIDUL LIBERTATII SI EGALITATII NATIONALE,,lipsa.jpg,45850850,"Strada Luncii, Satul Bărcănești, Comuna Bărcănești, Județul Ialomița",,,
PMCD,PARTIDUL MUNCITORESC CRESTIN SI DEMOCRAT,,lipsa.jpg,47173946,"Aleea Poieniței, Municipiul Pitești, Județul Argeș",,,
PNCENTRU,Partidul National de Centru,,lipsa.jpg,38417340,,,,
PNCR,Partidul National Conservator Roman,,lipsa.jpg,49198270,,,,
PNSR,PARTIDUL NATIONAL STANGA ROMANEASCA,,lipsa.jpg,45500731,"Strada Tuzla, Sector 2, Municipiul București",B,București,
PNSTR,PARTIDUL NATIONAL AL SOFERILOR SI TRANSPORTATORILOR DIN ROMANIA,,lipsa.jpg,,,,,
PNVR,PARTIDUL NATIONAL VATRA ROMANEASCA,,lipsa.jpg,45536468,"Strada Mihai Eminescu, Municipiul Deva, Județul Hunedoara",,,
PO,PARTIDUL OLTENILOR,,lipsa.jpg,47029062,"Strada Deceneu, Municipiul Craiova, Județul Dolj",,,
POC,PARTIDUL OAMENILOR CREDINCIOSI,,lipsa.jpg,42898986,"Strada Ion Tudor, Sector 3, Municipiul București",B,București,
PPATRIOTILOR,PARTIDUL PATRIOTILOR,,lipsa.jpg,45867089,"Prelungirea Ghencea, Sector 6, Municipiul București",B,București,
PPNR,PARTIDUL PLATFORMA NATIONAL REPUBLICANA,,lipsa.jpg,44989746,"Strada Ion Câmpineanu, Sector 1, Municipiul București",B,București,
PPOS,PARTIDUL PENTRU ODORHEIU SECUIESC,,lipsa.jpg,46564687,"Strada Nicolae Bălcescu, Municipiul Odorheiu Secuiesc, Județul Harghita",,,
PPR-2,PARTIDUL PATRIOTII POPORULUI ROMAN,,lipsa.jpg,46463461,"Strada Iuliu Maniu, Municipiul Oradea, Județul Bihor",,,
PPRD1989,PARTIDUL POLITIC AL REVOLUTIONARILOR DIN DECEMBRIE,,lipsa.jpg,,,,,
PPU,PARTIDUL PENSIONARILOR UNITI,,lipsa.jpg,46799977,"Satul Dobroțu, NR. 184, Județul Argeș",,,
PRDN,PARTIDUL RENASTEREA DEMNITATII NATIONALE,,lipsa.jpg,43823248,"Strada Morilor, Municipiul Iași, Județul Iași",,,
PRE,PARTIDUL ROMÂNIEI EUROPENE,,lipsa.jpg,22085130,"MUNICIPIUL BUCUREŞTI, SECTORUL 6, str. Drumul Taberei, nr. 26, bl. T1, ap. 119",B,București,
PROAC,PARTIDUL ROMANIA ACTIVA,,lipsa.jpg,47141863,"Strada Malul Roșu, Municipiul Ploiești, Județul Prahova",PH,,
PRSAC,PARTIDUL RENASTEREA SĂCALAZULUI,,lipsa.jpg,35880994,"TIMIŞ, SĂCĂLAZ, str. Sacalaz, nr. 205, CP307370",TM,Timișoara,
PSD+PNL,PSD+PNL,,lipsa.jpg,,,,,
PSDE,PARTIDUL DREPTATII SOCIALE EUROPEAN,,lipsa.jpg,47139820,"Bulevardul Gheorghe Șincai, Sector 4, Municipiul București",B,București,
PSS,PARTIDUL SOLIDARITATII SOCIALE,,lipsa.jpg,47022145,"Strada Balogh István, Municipiul Oradea, Județul Bihor",,,
PSSRO,PARTIDUL SOLIDARITATII SOCIALE DIN ROMANIA,,lipsa.jpg,6881040,"Splaiul Independenței, Sector 6, Municipiul București",B,București,
PVR,PARTIDUL VADIMIST ROMAN,,lipsa.jpg,44609693,"Splaiul Independenței, Sector 6, Municipiul București",B,București,
REPER,PARTIDUL REINNOIM PROIECTUL EUROPEAN AL ROMANIEI,,lipsa.jpg,46692538,"Strada Trivale, Sector 4, Municipiul București",B,București,
RO SOCIALISTĂ,Alianta Romania Socialistă,,lipsa.jpg,,,,,
ROEXIT,PARTIDUL ROEXIT,,lipsa.jpg,47224330,"Strada Oaș, Municipiul Cluj-Napoca, Județul Cluj",CJ,Cluj-Napoca,
TNT,UNIUNEA ROMANILOR NATIONAL CRESTINI,,lipsa.jpg,44292659,"Strada Zori de Zi, Sector 5, Municipiul București",B,București,
UFR,PARTIDUL UNIUNEA FAMILIEI ROMANESTI,,lipsa.jpg,46202350,"Bulevardul Emanoil Protopopescu-Pake, Sector 2, Municipiul București",B,București,
UNR,PARTIDUL UNIUNEA NATIUNII ROMANE,,lipsa.jpg,45943666,"Strada Mihai Viteazu, Municipiul Reghin, Județul Mureș",MS,,
USR+PMP+FD,Alianta Dreapta Unită,,lipsa.jpg,,,,,
VOLT,PARTIDUL VOLT ROMANIA,,lipsa.jpg,44681877,"Șoseaua Alexandria, Satul Ciolăneștii din Vale, Comuna Ciolănești, Județul Teleorman",TL,,
pppsiis,PARTIDUL PENTRU PROIECTE SI IDEI DE INTERES SOCIAL,,lipsa.jpg,34877940,"MUNICIPIUL BUCUREȘTI, SECTOR 5, STR. TELIU, NR.2",,,
LIDER,LIGA PENTRU DEŞTEPTAREA ROMÂNIEI,,lipsa.jpg,34877940,,,,
UCM,UNIUNEA CREŞTIN MUNCITOREASCĂ,,lipsa.jpg,4935924,,,,
UCRR,UNIUNEA CULTURALĂ A RUTENILOR DIN ROMÂNIA ,,lipsa.jpg,254221655,,,,minoritati
PSDU,PARTIDUL SOCIAL DEMOCRAT UNIT,,PSDU.jpg,49331511,,,,
PMAR,PARTIDUL MAKEDONARMÂNILOR - PMAR,,lipsa.jpg,37168217,,,,
PAPS,Partidul Alianța Poporului Suveran,,lipsa.jpg,45337384,,,,
NOA,"PARTIDUL PENTRU NATURĂ, OAMENI ŞI ANIMALE (NOA)",,lipsa.jpg,,,,,
ARI,Partidul Ajutăm România Împreună,,lipsa.jpg,,,,,
MRS,Partidul Mişcarea România Suverană,,lipsa.jpg,47984441,"Bucureşti, sectorul 6, Intrarea Crainicului nr. 15, bl. Z 14, sc. 1, et. 3, ap. 16",,,
PFEMEILOR,PARTIDUL FEMEILOR ROMÂNCE ,,lipsa.jpg,50621870,,,,
DREPT,PARTIDUL DREPTATE ŞI RESPECT ÎN EUROPA PENTRU TOŢI (DREPT),,DREPT.jpg,49699654,,,,
PD-Rev,PARTIDUL DEMOCRAT DIN REVOLUŢIE (PD-Rev) ,,lipsa.jpg,48098095,,,,
SENS,PARTIDUL SĂNĂTATE EDUCAŢIE NATURĂ SUSTENABILITATE (SENS),,SENS.jpg,49428612,,,,
URSPDF,PARTIDUL UNIUNEA PENTRU REFORMA STATULUI ŞI PROTECŢIA DREPTURILOR FUNDAMENTALE ,,lipsa.jpg,48877036,,,,
PAMT-EMSZ,PARTIDUL ALIANŢA MAGHIARĂ DIN TRANSILVANIA - ERDELYI MAGYAR SZOVETSEG (AMT-EMSZ) ,,lipsa.jpg,47140043,,,,
AMT-EMSZ,ALIANŢA MAGHIARĂ DIN TRANSILVANIA - ERDELYI MAGYAR SZOVETSEG ,,lipsa.jpg,42892304,"Cluj-Napoca, str. Suceava nr. 17, judeţul Cluj",,,
ARESEL,PARTIDUL ALIANŢA PENTRU REFORMĂ ECHITATE SOCIALĂ EMANCIPARE ŞI LIBERTATE (ARESEL) ,,lipsa.jpg,,,,,
RIA,PARTIDUL ROMÂNIA ÎN ACŢIUNE,,RIA.jpg,48262790,"municipiul Ploieşti, Str. Democraţiei nr. 56, parter, bl. H5, judeţul Prahova",,,
ISR,PARTIDUL ÎMPREUNĂ SCHIMBĂM ROMÂNIA,,ISR.jpg,48373845,"MUNICIPIUL BUCUREȘTI, SECTOR 2, STR. TURNUL EIFFEL, NR.33",,,
UDTR,UNIUNEA DEMOCRATĂ TURCĂ DIN ROMÂNIA (U.D.T.R.),,UDTR.jpg,5806813,,,,minoritati
PLAN,PARTIDUL LIGA ACTIUNII NATIONALE,,PLAN.jpg,47369463,,,,
FCR,FORUMUL CEHILOR DIN ROMANIA,,FCR,49780456,,,,minoritati
PNL1,PARTIDUL NATIONAL LIBERAL ANTE2015,,PNL1,4263603,,,,
PVN,Partidul Verticala Noua,,v9.jpg,49843511," Baia Mare, b-dul Bucureşti, nr.
67, et. I, jud. Maramureş.",,,
RoSAT,PARTIDUL SATULUI ROMaNESC,,lipsa.jpg,49298652,"Municipiul Bucureşti, strada Cap. Ivan
Anghelache, nr. 8, bl. M21, sc. 1, et.7, ap.44, sector 5 ”",,,
PPLJ,- PARTIDUL POPULAR LEGE ŞI JUSTIŢIE,,,,,,,
PPMPRR,PARTIDUL PENTRU PATRIE MILITARI ŞI POLIŢIŞTI ÎN REZERVĂ ŞI RETRAGERE (PPMPRR,,,,,,,
ARM,Alianţa România Modernă,,,,,,,
NEPASA,Noua ne pasa de romania,,,,,,,
PARI,Partidul Ajutăm România Împreună,,,,,,,
PISR,PARTIDUL ÎMPREUNĂ SCHIMBĂM ROMÂNIA,,,,,,,
prdm,PARTIDUL RENAŞTERII ŞI DEZVOLTĂRII MARAMUREŞULUI,,,,,,,
PLIBERTATII,Partidul Libertatii,,,,"municipiul Bucureşti, sectorul 1, bd. Bucureştii Noi nr. 136, et. parter, ap. 5",,,
PVictN,PARTIDUL VICTORIA NAŢIONALĂ,,,,,,,
